[{"model": "admin.logentry", "pk": 1, "fields": {"action_time": "2022-06-09T05:51:59.702Z", "user": 2, "content_type": 7, "object_id": "1", "object_repr": "gamestore.example.com", "action_flag": 2, "change_message": "[{\"changed\": {\"fields\": [\"Domain name\", \"Display name\"]}}]"}}, {"model": "admin.logentry", "pk": 2, "fields": {"action_time": "2022-06-09T06:05:35.580Z", "user": 2, "content_type": 8, "object_id": "1", "object_repr": "marcellomuylaert@gmail.com", "action_flag": 2, "change_message": "[{\"changed\": {\"fields\": [\"Verified\", \"Primary\"]}}]"}}, {"model": "admin.logentry", "pk": 3, "fields": {"action_time": "2022-06-22T19:50:24.470Z", "user": 2, "content_type": 14, "object_id": "1", "object_repr": "family", "action_flag": 1, "change_message": "[{\"added\": {}}]"}}, {"model": "admin.logentry", "pk": 4, "fields": {"action_time": "2022-06-22T19:50:43.172Z", "user": 2, "content_type": 14, "object_id": "2", "object_repr": "strategy", "action_flag": 1, "change_message": "[{\"added\": {}}]"}}, {"model": "admin.logentry", "pk": 5, "fields": {"action_time": "2022-06-22T19:50:50.051Z", "user": 2, "content_type": 14, "object_id": "3", "object_repr": "party", "action_flag": 1, "change_message": "[{\"added\": {}}]"}}, {"model": "admin.logentry", "pk": 6, "fields": {"action_time": "2022-06-22T19:51:01.406Z", "user": 2, "content_type": 14, "object_id": "4", "object_repr": "classic", "action_flag": 1, "change_message": "[{\"added\": {}}]"}}, {"model": "admin.logentry", "pk": 7, "fields": {"action_time": "2022-06-22T19:51:55.404Z", "user": 2, "content_type": 14, "object_id": "5", "object_repr": "dungeon_&_dragons", "action_flag": 1, "change_message": "[{\"added\": {}}]"}}, {"model": "admin.logentry", "pk": 8, "fields": {"action_time": "2022-06-22T19:52:15.283Z", "user": 2, "content_type": 14, "object_id": "6", "object_repr": "pathfinder", "action_flag": 1, "change_message": "[{\"added\": {}}]"}}, {"model": "admin.logentry", "pk": 9, "fields": {"action_time": "2022-06-22T19:57:03.281Z", "user": 2, "content_type": 14, "object_id": "7", "object_repr": "on_sale", "action_flag": 1, "change_message": "[{\"added\": {}}]"}}, {"model": "admin.logentry", "pk": 10, "fields": {"action_time": "2022-06-22T19:58:00.144Z", "user": 2, "content_type": 14, "object_id": "8", "object_repr": "recently_added", "action_flag": 1, "change_message": "[{\"added\": {}}]"}}, {"model": "admin.logentry", "pk": 11, "fields": {"action_time": "2022-06-22T19:59:11.883Z", "user": 2, "content_type": 14, "object_id": "9", "object_repr": "best_sellers", "action_flag": 1, "change_message": "[{\"added\": {}}]"}}, {"model": "admin.logentry", "pk": 12, "fields": {"action_time": "2022-06-22T20:31:39.773Z", "user": 2, "content_type": 13, "object_id": "1", "object_repr": "Dungeons & Dragons Book: Players Handbook", "action_flag": 1, "change_message": "[{\"added\": {}}]"}}, {"model": "admin.logentry", "pk": 13, "fields": {"action_time": "2022-06-22T20:32:57.910Z", "user": 2, "content_type": 14, "object_id": "5", "object_repr": "dungeons_&_dragons", "action_flag": 2, "change_message": "[{\"changed\": {\"fields\": [\"Name\", \"Friendly name\"]}}]"}}, {"model": "admin.logentry", "pk": 14, "fields": {"action_time": "2022-06-22T20:39:06.568Z", "user": 2, "content_type": 13, "object_id": "1", "object_repr": "Dungeons & Dragons Book: Players Handbook", "action_flag": 2, "change_message": "[{\"changed\": {\"fields\": [\"Description\", \"Rating\", \"Image\"]}}]"}}, {"model": "admin.logentry", "pk": 15, "fields": {"action_time": "2022-06-22T20:39:32.825Z", "user": 2, "content_type": 13, "object_id": "1", "object_repr": "Dungeons & Dragons Book: Players Handbook", "action_flag": 2, "change_message": "[{\"changed\": {\"fields\": [\"Sku\"]}}]"}}, {"model": "admin.logentry", "pk": 16, "fields": {"action_time": "2022-06-22T20:48:47.875Z", "user": 2, "content_type": 13, "object_id": "2", "object_repr": "Dungeons & Dragons Book: Dungeon Master's Guide", "action_flag": 1, "change_message": "[{\"added\": {}}]"}}, {"model": "admin.logentry", "pk": 17, "fields": {"action_time": "2022-06-22T20:52:58.090Z", "user": 2, "content_type": 13, "object_id": "3", "object_repr": "Dungeons & Dragons Book: Monsters of the Multiverse", "action_flag": 1, "change_message": "[{\"added\": {}}]"}}, {"model": "admin.logentry", "pk": 18, "fields": {"action_time": "2022-06-22T20:53:12.941Z", "user": 2, "content_type": 13, "object_id": "2", "object_repr": "Dungeons & Dragons Book: Dungeon Master's Guide", "action_flag": 2, "change_message": "[{\"changed\": {\"fields\": [\"Price\"]}}]"}}, {"model": "admin.logentry", "pk": 19, "fields": {"action_time": "2022-06-22T21:26:43.413Z", "user": 2, "content_type": 13, "object_id": "1", "object_repr": "Dungeons & Dragons Book: Players Handbook", "action_flag": 2, "change_message": "[{\"changed\": {\"fields\": [\"Rating\"]}}]"}}, {"model": "admin.logentry", "pk": 20, "fields": {"action_time": "2022-06-22T21:26:48.175Z", "user": 2, "content_type": 13, "object_id": "2", "object_repr": "Dungeons & Dragons Book: Dungeon Master's Guide", "action_flag": 2, "change_message": "[{\"changed\": {\"fields\": [\"Rating\"]}}]"}}, {"model": "admin.logentry", "pk": 21, "fields": {"action_time": "2022-06-22T21:26:52.720Z", "user": 2, "content_type": 13, "object_id": "3", "object_repr": "Dungeons & Dragons Book: Monsters of the Multiverse", "action_flag": 2, "change_message": "[{\"changed\": {\"fields\": [\"Rating\"]}}]"}}, {"model": "admin.logentry", "pk": 22, "fields": {"action_time": "2022-06-26T12:20:23.022Z", "user": 2, "content_type": 13, "object_id": "4", "object_repr": "Cards Against Humanity 2.0", "action_flag": 1, "change_message": "[{\"added\": {}}]"}}, {"model": "admin.logentry", "pk": 23, "fields": {"action_time": "2022-06-26T12:22:35.431Z", "user": 2, "content_type": 13, "object_id": "5", "object_repr": "Cards Against Humanity: Family Edition", "action_flag": 1, "change_message": "[{\"added\": {}}]"}}, {"model": "admin.logentry", "pk": 24, "fields": {"action_time": "2022-06-26T12:23:42.331Z", "user": 2, "content_type": 13, "object_id": "6", "object_repr": "Cluedo", "action_flag": 1, "change_message": "[{\"added\": {}}]"}}, {"model": "admin.logentry", "pk": 25, "fields": {"action_time": "2022-06-26T12:24:50.658Z", "user": 2, "content_type": 13, "object_id": "7", "object_repr": "Pandemic", "action_flag": 1, "change_message": "[{\"added\": {}}]"}}, {"model": "admin.logentry", "pk": 26, "fields": {"action_time": "2022-06-26T12:26:41.615Z", "user": 2, "content_type": 13, "object_id": "8", "object_repr": "Ticket To Ride Europe", "action_flag": 1, "change_message": "[{\"added\": {}}]"}}, {"model": "admin.logentry", "pk": 27, "fields": {"action_time": "2022-06-26T12:33:36.201Z", "user": 2, "content_type": 13, "object_id": "9", "object_repr": "Incohearent", "action_flag": 1, "change_message": "[{\"added\": {}}]"}}, {"model": "admin.logentry", "pk": 28, "fields": {"action_time": "2022-06-26T12:34:47.998Z", "user": 2, "content_type": 13, "object_id": "10", "object_repr": "Scrawl", "action_flag": 1, "change_message": "[{\"added\": {}}]"}}, {"model": "admin.logentry", "pk": 29, "fields": {"action_time": "2022-06-26T12:35:52.216Z", "user": 2, "content_type": 13, "object_id": "11", "object_repr": "Top Of The Pops", "action_flag": 1, "change_message": "[{\"added\": {}}]"}}, {"model": "admin.logentry", "pk": 30, "fields": {"action_time": "2022-06-27T17:59:36.872Z", "user": 2, "content_type": 13, "object_id": "5", "object_repr": "Cards Against Humanity: Family Edition", "action_flag": 2, "change_message": "[{\"changed\": {\"fields\": [\"Image\"]}}]"}}, {"model": "admin.logentry", "pk": 31, "fields": {"action_time": "2022-06-27T18:01:01.876Z", "user": 2, "content_type": 13, "object_id": "5", "object_repr": "Cards Against Humanity: Family Edition", "action_flag": 2, "change_message": "[{\"changed\": {\"fields\": [\"Image\"]}}]"}}, {"model": "admin.logentry", "pk": 32, "fields": {"action_time": "2022-06-27T18:03:28.402Z", "user": 2, "content_type": 13, "object_id": "4", "object_repr": "Cards Against Humanity 2.0", "action_flag": 2, "change_message": "[{\"changed\": {\"fields\": [\"Image\"]}}]"}}, {"model": "admin.logentry", "pk": 33, "fields": {"action_time": "2022-06-27T18:03:41.767Z", "user": 2, "content_type": 13, "object_id": "9", "object_repr": "Incohearent", "action_flag": 2, "change_message": "[{\"changed\": {\"fields\": [\"Image\"]}}]"}}, {"model": "admin.logentry", "pk": 34, "fields": {"action_time": "2022-06-27T18:12:34.422Z", "user": 2, "content_type": 13, "object_id": "5", "object_repr": "Cards Against Humanity: Family Edition", "action_flag": 2, "change_message": "[{\"changed\": {\"fields\": [\"Image\"]}}]"}}, {"model": "admin.logentry", "pk": 35, "fields": {"action_time": "2022-06-27T18:13:00.622Z", "user": 2, "content_type": 13, "object_id": "6", "object_repr": "Clue", "action_flag": 2, "change_message": "[{\"changed\": {\"fields\": [\"Name\", \"Description\", \"Image\"]}}]"}}, {"model": "admin.logentry", "pk": 36, "fields": {"action_time": "2022-06-27T18:13:11.306Z", "user": 2, "content_type": 13, "object_id": "7", "object_repr": "Pandemic", "action_flag": 2, "change_message": "[{\"changed\": {\"fields\": [\"Image\"]}}]"}}, {"model": "admin.logentry", "pk": 37, "fields": {"action_time": "2022-06-27T18:13:24.170Z", "user": 2, "content_type": 13, "object_id": "8", "object_repr": "Ticket To Ride Europe", "action_flag": 2, "change_message": "[{\"changed\": {\"fields\": [\"Image\"]}}]"}}, {"model": "admin.logentry", "pk": 38, "fields": {"action_time": "2022-06-27T18:13:38.152Z", "user": 2, "content_type": 13, "object_id": "4", "object_repr": "Cards Against Humanity 2.0", "action_flag": 2, "change_message": "[{\"changed\": {\"fields\": [\"Image\"]}}]"}}, {"model": "admin.logentry", "pk": 39, "fields": {"action_time": "2022-06-27T18:13:45.878Z", "user": 2, "content_type": 13, "object_id": "9", "object_repr": "Incohearent", "action_flag": 2, "change_message": "[{\"changed\": {\"fields\": [\"Image\"]}}]"}}, {"model": "admin.logentry", "pk": 40, "fields": {"action_time": "2022-06-28T18:48:09.854Z", "user": 2, "content_type": 14, "object_id": "5", "object_repr": "dungeons&dragons", "action_flag": 2, "change_message": "[{\"changed\": {\"fields\": [\"Name\"]}}]"}}, {"model": "admin.logentry", "pk": 41, "fields": {"action_time": "2022-06-28T18:51:02.810Z", "user": 2, "content_type": 14, "object_id": "5", "object_repr": "d_and_d", "action_flag": 2, "change_message": "[{\"changed\": {\"fields\": [\"Name\"]}}]"}}, {"model": "admin.logentry", "pk": 42, "fields": {"action_time": "2022-06-28T20:51:06.310Z", "user": 2, "content_type": 13, "object_id": "7", "object_repr": "Pandemic", "action_flag": 2, "change_message": "[{\"changed\": {\"fields\": [\"OnSale\"]}}]"}}, {"model": "admin.logentry", "pk": 43, "fields": {"action_time": "2022-06-28T21:27:28.728Z", "user": 2, "content_type": 13, "object_id": "7", "object_repr": "Pandemic", "action_flag": 2, "change_message": "[]"}}, {"model": "admin.logentry", "pk": 44, "fields": {"action_time": "2022-06-29T05:13:45.658Z", "user": 2, "content_type": 13, "object_id": "7", "object_repr": "Pandemic", "action_flag": 2, "change_message": "[{\"changed\": {\"fields\": [\"Price\"]}}]"}}, {"model": "admin.logentry", "pk": 45, "fields": {"action_time": "2022-06-29T05:13:54.249Z", "user": 2, "content_type": 13, "object_id": "8", "object_repr": "Ticket To Ride Europe", "action_flag": 2, "change_message": "[{\"changed\": {\"fields\": [\"OnSale\"]}}]"}}, {"model": "admin.logentry", "pk": 46, "fields": {"action_time": "2022-06-29T05:14:04.509Z", "user": 2, "content_type": 13, "object_id": "1", "object_repr": "Dungeons & Dragons Book: Players Handbook", "action_flag": 2, "change_message": "[{\"changed\": {\"fields\": [\"OnSale\"]}}]"}}, {"model": "admin.logentry", "pk": 47, "fields": {"action_time": "2022-07-05T18:53:23.729Z", "user": 2, "content_type": 16, "object_id": "5", "object_repr": "46BBFDC0B7B548D8BB9F300AB35A0A8C", "action_flag": 3, "change_message": ""}}, {"model": "admin.logentry", "pk": 48, "fields": {"action_time": "2022-07-05T18:53:23.731Z", "user": 2, "content_type": 16, "object_id": "4", "object_repr": "A49F785CF2D441858B7EAB73C8F9F0B1", "action_flag": 3, "change_message": ""}}, {"model": "admin.logentry", "pk": 49, "fields": {"action_time": "2022-07-05T18:53:23.732Z", "user": 2, "content_type": 16, "object_id": "3", "object_repr": "99F7D73E6E1542719B519969FB5BE0BD", "action_flag": 3, "change_message": ""}}, {"model": "admin.logentry", "pk": 50, "fields": {"action_time": "2022-07-05T18:53:23.735Z", "user": 2, "content_type": 16, "object_id": "2", "object_repr": "DE08D66EDE5044F8828F3C4EA735AC9D", "action_flag": 3, "change_message": ""}}, {"model": "admin.logentry", "pk": 51, "fields": {"action_time": "2022-07-05T18:53:23.737Z", "user": 2, "content_type": 16, "object_id": "1", "object_repr": "0EA36661B0244DBFA72216FD5D15FA02", "action_flag": 3, "change_message": ""}}, {"model": "admin.logentry", "pk": 52, "fields": {"action_time": "2022-07-05T18:55:18.486Z", "user": 2, "content_type": 16, "object_id": "6", "object_repr": "5A5CE9164E054F1BA6A1547020D52193", "action_flag": 2, "change_message": "[{\"added\": {\"name\": \"order line item\", \"object\": \"SKU 010002 on order 5A5CE9164E054F1BA6A1547020D52193\"}}]"}}, {"model": "admin.logentry", "pk": 53, "fields": {"action_time": "2022-07-05T18:56:05.238Z", "user": 2, "content_type": 4, "object_id": "1", "object_repr": "Admin", "action_flag": 3, "change_message": ""}}, {"model": "admin.logentry", "pk": 54, "fields": {"action_time": "2022-07-06T18:42:06.472Z", "user": 2, "content_type": 16, "object_id": "18", "object_repr": "271BDB2A2D264D47A76DD905B0608596", "action_flag": 3, "change_message": ""}}, {"model": "admin.logentry", "pk": 55, "fields": {"action_time": "2022-07-06T18:42:06.474Z", "user": 2, "content_type": 16, "object_id": "17", "object_repr": "BCE4F411BDF3442B8DFCE04135852903", "action_flag": 3, "change_message": ""}}, {"model": "admin.logentry", "pk": 56, "fields": {"action_time": "2022-07-06T18:42:06.475Z", "user": 2, "content_type": 16, "object_id": "16", "object_repr": "3F858641B17D4A1A91361BA0E237A60B", "action_flag": 3, "change_message": ""}}, {"model": "admin.logentry", "pk": 57, "fields": {"action_time": "2022-07-06T18:42:06.476Z", "user": 2, "content_type": 16, "object_id": "15", "object_repr": "35BE725CF37E40B5AA943D0775343641", "action_flag": 3, "change_message": ""}}, {"model": "admin.logentry", "pk": 58, "fields": {"action_time": "2022-07-06T18:42:06.478Z", "user": 2, "content_type": 16, "object_id": "14", "object_repr": "4C578C7A32564204B60C5DC042992A8E", "action_flag": 3, "change_message": ""}}, {"model": "admin.logentry", "pk": 59, "fields": {"action_time": "2022-07-06T18:42:06.479Z", "user": 2, "content_type": 16, "object_id": "13", "object_repr": "1542BA309E3F4E53B447FBF7B91E5E73", "action_flag": 3, "change_message": ""}}, {"model": "admin.logentry", "pk": 60, "fields": {"action_time": "2022-07-06T18:42:06.480Z", "user": 2, "content_type": 16, "object_id": "12", "object_repr": "B6F723FE3277453AA49B7066E565B277", "action_flag": 3, "change_message": ""}}, {"model": "admin.logentry", "pk": 61, "fields": {"action_time": "2022-07-06T18:42:06.482Z", "user": 2, "content_type": 16, "object_id": "11", "object_repr": "A3EF095274274D5DA877E6C62D53B2AC", "action_flag": 3, "change_message": ""}}, {"model": "admin.logentry", "pk": 62, "fields": {"action_time": "2022-07-06T18:42:06.483Z", "user": 2, "content_type": 16, "object_id": "10", "object_repr": "64BAE78DE94949C7BF7408B24A12391F", "action_flag": 3, "change_message": ""}}, {"model": "admin.logentry", "pk": 63, "fields": {"action_time": "2022-07-06T18:42:06.484Z", "user": 2, "content_type": 16, "object_id": "9", "object_repr": "45D248DB9FA1492CAC052F80181DDF1A", "action_flag": 3, "change_message": ""}}, {"model": "admin.logentry", "pk": 64, "fields": {"action_time": "2022-07-06T18:42:06.486Z", "user": 2, "content_type": 16, "object_id": "8", "object_repr": "E7F8A180C676424BB1D8DBF2E10AFB71", "action_flag": 3, "change_message": ""}}, {"model": "admin.logentry", "pk": 65, "fields": {"action_time": "2022-07-06T18:42:06.487Z", "user": 2, "content_type": 16, "object_id": "7", "object_repr": "194DFA80EB3343F7AC0F0CF6B3D8F9F8", "action_flag": 3, "change_message": ""}}, {"model": "admin.logentry", "pk": 66, "fields": {"action_time": "2022-07-06T18:42:06.488Z", "user": 2, "content_type": 16, "object_id": "6", "object_repr": "5A5CE9164E054F1BA6A1547020D52193", "action_flag": 3, "change_message": ""}}, {"model": "admin.logentry", "pk": 67, "fields": {"action_time": "2022-07-06T19:03:24.589Z", "user": 2, "content_type": 16, "object_id": "21", "object_repr": "719DA9ED2A8F433FB9EF8FA6547DB8A8", "action_flag": 3, "change_message": ""}}, {"model": "admin.logentry", "pk": 68, "fields": {"action_time": "2022-07-06T19:03:24.591Z", "user": 2, "content_type": 16, "object_id": "20", "object_repr": "68526D3347634CF9BE77CFF1B10CF0DB", "action_flag": 3, "change_message": ""}}, {"model": "admin.logentry", "pk": 69, "fields": {"action_time": "2022-07-06T19:03:24.593Z", "user": 2, "content_type": 16, "object_id": "19", "object_repr": "4FDD7F0334D140FA862526CE70C520ED", "action_flag": 3, "change_message": ""}}, {"model": "admin.logentry", "pk": 70, "fields": {"action_time": "2022-07-06T20:22:02.307Z", "user": 2, "content_type": 16, "object_id": "29", "object_repr": "D7016BA0B8254861A8D7ACB6EF3D9B06", "action_flag": 3, "change_message": ""}}, {"model": "admin.logentry", "pk": 71, "fields": {"action_time": "2022-07-06T20:22:02.309Z", "user": 2, "content_type": 16, "object_id": "28", "object_repr": "A46153E1E2E0478081446CC499FE5107", "action_flag": 3, "change_message": ""}}, {"model": "admin.logentry", "pk": 72, "fields": {"action_time": "2022-07-06T20:22:02.311Z", "user": 2, "content_type": 16, "object_id": "27", "object_repr": "D141F2BD4DCD45128FC42EC1964FE496", "action_flag": 3, "change_message": ""}}, {"model": "admin.logentry", "pk": 73, "fields": {"action_time": "2022-07-06T20:22:02.313Z", "user": 2, "content_type": 16, "object_id": "26", "object_repr": "5D0206AD83D545B5AC29CB71809E4069", "action_flag": 3, "change_message": ""}}, {"model": "admin.logentry", "pk": 74, "fields": {"action_time": "2022-07-06T20:22:02.314Z", "user": 2, "content_type": 16, "object_id": "25", "object_repr": "29E48508CBBC4C4AB93AF3D96484CA54", "action_flag": 3, "change_message": ""}}, {"model": "admin.logentry", "pk": 75, "fields": {"action_time": "2022-07-06T20:22:02.316Z", "user": 2, "content_type": 16, "object_id": "24", "object_repr": "9C0CE428C96C48DBA3CB07168E23105D", "action_flag": 3, "change_message": ""}}, {"model": "admin.logentry", "pk": 76, "fields": {"action_time": "2022-07-06T20:22:02.318Z", "user": 2, "content_type": 16, "object_id": "23", "object_repr": "271F05B71855465CBE5FEC5CA4A31722", "action_flag": 3, "change_message": ""}}, {"model": "admin.logentry", "pk": 77, "fields": {"action_time": "2022-07-06T20:22:02.320Z", "user": 2, "content_type": 16, "object_id": "22", "object_repr": "68DAD6E875C24B28BE5264DC415C42AD", "action_flag": 3, "change_message": ""}}, {"model": "admin.logentry", "pk": 78, "fields": {"action_time": "2022-07-08T19:32:53.981Z", "user": 2, "content_type": 4, "object_id": "4", "object_repr": "User", "action_flag": 2, "change_message": "[{\"changed\": {\"fields\": [\"Username\"]}}]"}}, {"model": "admin.logentry", "pk": 79, "fields": {"action_time": "2022-07-09T14:03:14.672Z", "user": 2, "content_type": 7, "object_id": "1", "object_repr": "checkmategamestore.example.com", "action_flag": 2, "change_message": "[{\"changed\": {\"fields\": [\"Domain name\", \"Display name\"]}}]"}}, {"model": "admin.logentry", "pk": 80, "fields": {"action_time": "2022-07-09T15:03:52.924Z", "user": 2, "content_type": 14, "object_id": "9", "object_repr": "best_sellers", "action_flag": 3, "change_message": ""}}, {"model": "admin.logentry", "pk": 81, "fields": {"action_time": "2022-07-09T15:03:52.927Z", "user": 2, "content_type": 14, "object_id": "8", "object_repr": "recently_added", "action_flag": 3, "change_message": ""}}, {"model": "admin.logentry", "pk": 82, "fields": {"action_time": "2022-07-09T15:04:03.504Z", "user": 2, "content_type": 14, "object_id": "7", "object_repr": "on_sale", "action_flag": 3, "change_message": ""}}, {"model": "admin.logentry", "pk": 83, "fields": {"action_time": "2022-07-09T17:02:19.529Z", "user": 2, "content_type": 13, "object_id": "17", "object_repr": "bbbbbbb", "action_flag": 1, "change_message": "[{\"added\": {}}]"}}, {"model": "admin.logentry", "pk": 84, "fields": {"action_time": "2022-07-09T17:03:43.570Z", "user": 2, "content_type": 13, "object_id": "18", "object_repr": "cccccccc", "action_flag": 3, "change_message": ""}}, {"model": "admin.logentry", "pk": 85, "fields": {"action_time": "2022-07-09T17:03:43.572Z", "user": 2, "content_type": 13, "object_id": "17", "object_repr": "bbbbbbb", "action_flag": 3, "change_message": ""}}, {"model": "admin.logentry", "pk": 86, "fields": {"action_time": "2022-07-09T17:03:43.574Z", "user": 2, "content_type": 13, "object_id": "16", "object_repr": "aaaaaaaaa", "action_flag": 3, "change_message": ""}}, {"model": "admin.logentry", "pk": 87, "fields": {"action_time": "2022-07-09T17:03:43.575Z", "user": 2, "content_type": 13, "object_id": "15", "object_repr": "image", "action_flag": 3, "change_message": ""}}, {"model": "admin.logentry", "pk": 88, "fields": {"action_time": "2022-07-09T17:03:43.577Z", "user": 2, "content_type": 13, "object_id": "14", "object_repr": "asdas", "action_flag": 3, "change_message": ""}}, {"model": "admin.logentry", "pk": 89, "fields": {"action_time": "2022-07-09T17:03:43.578Z", "user": 2, "content_type": 13, "object_id": "12", "object_repr": "this is a test", "action_flag": 3, "change_message": ""}}, {"model": "admin.logentry", "pk": 90, "fields": {"action_time": "2022-07-09T17:03:43.580Z", "user": 2, "content_type": 13, "object_id": "13", "object_repr": "test2", "action_flag": 3, "change_message": ""}}, {"model": "admin.logentry", "pk": 91, "fields": {"action_time": "2022-07-09T17:48:20.955Z", "user": 2, "content_type": 13, "object_id": "21", "object_repr": "bbbbbbbbbb", "action_flag": 3, "change_message": ""}}, {"model": "admin.logentry", "pk": 92, "fields": {"action_time": "2022-07-09T17:48:20.957Z", "user": 2, "content_type": 13, "object_id": "19", "object_repr": "aaaaaaaaa", "action_flag": 3, "change_message": ""}}, {"model": "admin.logentry", "pk": 93, "fields": {"action_time": "2022-07-10T01:04:32.575Z", "user": 2, "content_type": 18, "object_id": "1", "object_repr": "Admin2", "action_flag": 1, "change_message": "[{\"added\": {}}]"}}, {"model": "admin.logentry", "pk": 94, "fields": {"action_time": "2022-07-10T02:06:40.399Z", "user": 2, "content_type": 18, "object_id": "2", "object_repr": "Admin2", "action_flag": 1, "change_message": "[{\"added\": {}}]"}}, {"model": "admin.logentry", "pk": 95, "fields": {"action_time": "2022-07-10T11:06:50.083Z", "user": 2, "content_type": 18, "object_id": "3", "object_repr": "User", "action_flag": 1, "change_message": "[{\"added\": {}}]"}}, {"model": "admin.logentry", "pk": 96, "fields": {"action_time": "2022-07-10T11:18:07.727Z", "user": 2, "content_type": 18, "object_id": "4", "object_repr": "Admin", "action_flag": 1, "change_message": "[{\"added\": {}}]"}}, {"model": "admin.logentry", "pk": 97, "fields": {"action_time": "2022-07-10T14:53:29.645Z", "user": 2, "content_type": 18, "object_id": "14", "object_repr": "Admin2", "action_flag": 3, "change_message": ""}}, {"model": "admin.logentry", "pk": 98, "fields": {"action_time": "2022-07-10T14:53:29.648Z", "user": 2, "content_type": 18, "object_id": "13", "object_repr": "Admin2", "action_flag": 3, "change_message": ""}}, {"model": "admin.logentry", "pk": 99, "fields": {"action_time": "2022-07-10T14:53:29.650Z", "user": 2, "content_type": 18, "object_id": "12", "object_repr": "Admin2", "action_flag": 3, "change_message": ""}}, {"model": "admin.logentry", "pk": 100, "fields": {"action_time": "2022-07-10T14:53:29.653Z", "user": 2, "content_type": 18, "object_id": "11", "object_repr": "Admin2", "action_flag": 3, "change_message": ""}}, {"model": "admin.logentry", "pk": 101, "fields": {"action_time": "2022-07-10T14:53:29.655Z", "user": 2, "content_type": 18, "object_id": "10", "object_repr": "Admin2", "action_flag": 3, "change_message": ""}}, {"model": "admin.logentry", "pk": 102, "fields": {"action_time": "2022-07-10T14:53:29.656Z", "user": 2, "content_type": 18, "object_id": "9", "object_repr": "Admin2", "action_flag": 3, "change_message": ""}}, {"model": "admin.logentry", "pk": 103, "fields": {"action_time": "2022-07-10T14:53:29.659Z", "user": 2, "content_type": 18, "object_id": "8", "object_repr": "Admin2", "action_flag": 3, "change_message": ""}}, {"model": "admin.logentry", "pk": 104, "fields": {"action_time": "2022-07-10T14:53:29.661Z", "user": 2, "content_type": 18, "object_id": "7", "object_repr": "Admin2", "action_flag": 3, "change_message": ""}}, {"model": "admin.logentry", "pk": 105, "fields": {"action_time": "2022-07-10T14:53:29.662Z", "user": 2, "content_type": 18, "object_id": "6", "object_repr": "Admin2", "action_flag": 3, "change_message": ""}}, {"model": "admin.logentry", "pk": 106, "fields": {"action_time": "2022-07-10T14:53:29.664Z", "user": 2, "content_type": 18, "object_id": "5", "object_repr": "Admin2", "action_flag": 3, "change_message": ""}}, {"model": "admin.logentry", "pk": 107, "fields": {"action_time": "2022-07-10T14:53:29.665Z", "user": 2, "content_type": 18, "object_id": "4", "object_repr": "Admin", "action_flag": 3, "change_message": ""}}, {"model": "admin.logentry", "pk": 108, "fields": {"action_time": "2022-07-10T14:53:29.666Z", "user": 2, "content_type": 18, "object_id": "3", "object_repr": "User", "action_flag": 3, "change_message": ""}}, {"model": "admin.logentry", "pk": 109, "fields": {"action_time": "2022-07-10T14:53:29.668Z", "user": 2, "content_type": 18, "object_id": "2", "object_repr": "Admin2", "action_flag": 3, "change_message": ""}}, {"model": "admin.logentry", "pk": 110, "fields": {"action_time": "2022-07-10T14:53:29.670Z", "user": 2, "content_type": 18, "object_id": "1", "object_repr": "Admin2", "action_flag": 3, "change_message": ""}}, {"model": "admin.logentry", "pk": 111, "fields": {"action_time": "2022-07-10T14:56:33.434Z", "user": 2, "content_type": 18, "object_id": "16", "object_repr": "Admin", "action_flag": 1, "change_message": "[{\"added\": {}}]"}}, {"model": "admin.logentry", "pk": 112, "fields": {"action_time": "2022-07-10T14:57:15.068Z", "user": 2, "content_type": 18, "object_id": "17", "object_repr": "User", "action_flag": 1, "change_message": "[{\"added\": {}}]"}}, {"model": "admin.logentry", "pk": 113, "fields": {"action_time": "2022-07-10T19:16:59.282Z", "user": 2, "content_type": 19, "object_id": "6", "object_repr": "guilhermenunes0703@gmail.com", "action_flag": 3, "change_message": ""}}, {"model": "admin.logentry", "pk": 114, "fields": {"action_time": "2022-07-10T19:16:59.284Z", "user": 2, "content_type": 19, "object_id": "5", "object_repr": "marcellomuylaert@gmail.com", "action_flag": 3, "change_message": ""}}, {"model": "admin.logentry", "pk": 115, "fields": {"action_time": "2022-07-10T19:16:59.285Z", "user": 2, "content_type": 19, "object_id": "4", "object_repr": "test@email.com", "action_flag": 3, "change_message": ""}}, {"model": "admin.logentry", "pk": 116, "fields": {"action_time": "2022-07-10T19:16:59.290Z", "user": 2, "content_type": 19, "object_id": "3", "object_repr": "marcellomuylaert@hotmail.com", "action_flag": 3, "change_message": ""}}, {"model": "admin.logentry", "pk": 117, "fields": {"action_time": "2022-07-10T19:16:59.291Z", "user": 2, "content_type": 19, "object_id": "2", "object_repr": "marcellomuylaert@icloud.com", "action_flag": 3, "change_message": ""}}, {"model": "admin.logentry", "pk": 118, "fields": {"action_time": "2022-07-10T19:17:49.877Z", "user": 2, "content_type": 19, "object_id": "1", "object_repr": "", "action_flag": 3, "change_message": ""}}, {"model": "auth.user", "pk": 2, "fields": {"password": "pbkdf2_sha256$260000$TQ4rof3dnGz0YUZU8BaRQf$kDzX1EA1neVDhawfV90WyKvg0XjaFH1DwKEd6LEGypM=", "last_login": "2022-07-10T20:08:37.084Z", "is_superuser": true, "username": "Admin2", "first_name": "", "last_name": "", "email": "marcellomuylaert@gmail.com", "is_staff": true, "is_active": true, "date_joined": "2022-06-09T05:48:43.663Z", "groups": [], "user_permissions": []}}, {"model": "auth.user", "pk": 3, "fields": {"password": "pbkdf2_sha256$260000$7FsowBCdxvcVI8PGTcwC8K$3vk7J+BSnN6IHNc4HGw5UXEm+TNYkdbJ8orfvy003i4=", "last_login": null, "is_superuser": true, "username": "Admin", "first_name": "", "last_name": "", "email": "marcellomuylaert@hotmail.com", "is_staff": true, "is_active": true, "date_joined": "2022-07-08T05:13:52.366Z", "groups": [], "user_permissions": []}}, {"model": "auth.user", "pk": 4, "fields": {"password": "pbkdf2_sha256$260000$LHOWea1ZVij9tCn2GLHBs3$vmd8fwqRZtGvX3B5tslOumJPRomSzUMgxzT/5DTzO9Q=", "last_login": "2022-07-09T19:01:18.614Z", "is_superuser": false, "username": "User", "first_name": "", "last_name": "", "email": "marcellomuylaert@icloud.com", "is_staff": false, "is_active": true, "date_joined": "2022-07-08T05:22:56Z", "groups": [], "user_permissions": []}}, {"model": "sessions.session", "pk": "44kokeuiecbkmv7h1cuwkeywzf4pdgxr", "fields": {"session_data": "eyJiYWciOnsiNSI6MiwiNyI6NH19:1o6etT:rwqv7Mpf3wTg-ZLNF2drzCVprogex31p0laer93feQc", "expire_date": "2022-07-13T21:06:39.076Z"}}, {"model": "sessions.session", "pk": "4hc4nz8vx1awgk6pz9pzsdhdq3twxegu", "fields": {"session_data": ".eJxVjMsOwiAQRf-FtSG8B1267zcQBgapGkhKuzL-uzbpQrf3nHNfLMRtrWEbtIQ5swtT7PS7YUwPajvI99hunafe1mVGviv8oINPPdPzerh_BzWO-q3RGDAWsrMECnTRhbTWXskCAgktEDkppD8XUSAiCm-KA0w6WeWER_b-AM1FN3w:1oAdEL:5vD-BYwLzOT_L5OSxjraJmYzqev3gpcS14B95Cx6XsI", "expire_date": "2022-07-24T20:08:37.088Z"}}, {"model": "sessions.session", "pk": "909cjiniu4v0p6c4nsq8xjf9j6rjdthy", "fields": {"session_data": "eyJiYWciOnsiNyI6MSwiMTAiOjEsIjgiOjF9fQ:1o80SF:KyRgf5PPMonI64NRNqg_iii-xxKa8yYjHdAyZTrGLZc", "expire_date": "2022-07-17T14:20:07.485Z"}}, {"model": "sessions.session", "pk": "9qy02d2a2ybf0fjcrrra526y8q9hsan5", "fields": {"session_data": "e30:1o9YNA:JD2WFxRBEC_1nu3VtBytTeXE2UoMMhyg50sL1oK1LyQ", "expire_date": "2022-07-21T20:45:16.331Z"}}, {"model": "sessions.session", "pk": "ccseivvh1xpck7tubjsbw3fuzkd1ohyd", "fields": {"session_data": ".eJxVjDkOwyAQRe8ydYRYzBLK9DkDYmCInUQgeUlj-e6xJTdu_3v_rTDFH4WhlgZ-Hhe6QYjL3IdlojEMGTxIuGwY04fqAfI71ldjqdV5HJAdCjvpxJ4t0_dxupdAH6d-f2PX2U7bbDRZaVVRhZRSTopiORJqS2QEF-5eeLERkbuuGItJJS0Nd7hHMb7Ar6DAC75tf9k5QX4:1o9BXj:hpv6u_JSr10gm7ZN-HJyjPWJZZZGutAZ1SJEHbTEboY", "expire_date": "2022-07-20T20:22:39.476Z"}}, {"model": "sessions.session", "pk": "fiish7gjhcpberbx57oiiqxbwzlmmvwt", "fields": {"session_data": "e30:1o9YMn:BavMC7IvyVuAo72850jIdUK2shQy9juEiYtFfaA23a8", "expire_date": "2022-07-21T20:44:53.077Z"}}, {"model": "sessions.session", "pk": "i7enazstihy5xwdtk48q62fsh537blta", "fields": {"session_data": "eyJiYWciOnsiNCI6NiwiOCI6M319:1o7zd5:cIBYvcgqWGmwlmstOehPB8Q4EwMlil3wRTT7en_5C2c", "expire_date": "2022-07-17T13:27:15.725Z"}}, {"model": "sessions.session", "pk": "j3vhyyogoznnn3abtz4w7aa7zni9dkzt", "fields": {"session_data": "eyJiYWciOnsiMiI6MX19:1o81T3:JEyLjz0pvyqJ3l3N_x1ABTebLIcBOi5o2JNlRYtWLyw", "expire_date": "2022-07-17T15:25:01.741Z"}}, {"model": "sessions.session", "pk": "k5c9nk7ggoz08esybivvhtkr1okdsppd", "fields": {"session_data": "eyJzYXZlX2luZm8iOmZhbHNlLCJiYWciOnsiNyI6MSwiNiI6MSwiMSI6MX19:1o8xJf:KyyGO9V6K_9ygFLd1paqz9um52XNOU6oF-7gGnog6ko", "expire_date": "2022-07-20T05:11:11.416Z"}}, {"model": "sessions.session", "pk": "kgcsj1z6g3akh50m2q94cdno0ylco4p7", "fields": {"session_data": "eyJiYWciOnsiOSI6MSwiNiI6MX19:1o7z7O:LGbNlwaQyylDM2aaQmP6LhxJUnWg56eDYcAHS5vpsu0", "expire_date": "2022-07-17T12:54:30.834Z"}}, {"model": "sessions.session", "pk": "kvtoyfesz612oyy4no285cfuwdrzeaez", "fields": {"session_data": "e30:1o9YNP:rlmN0qg-5RznTRIbom7M8LdmSksA2pBUlPwWtctgQDU", "expire_date": "2022-07-21T20:45:31.320Z"}}, {"model": "sessions.session", "pk": "lh562r51zlk75c1b9k9osi5zydqty3s4", "fields": {"session_data": "eyJiYWciOnsiOCI6M319:1o9fs1:op6W7ypwvkdikccQMqWm-tC7wzoitepdLMTiQvJzWwM", "expire_date": "2022-07-22T04:45:37.873Z"}}, {"model": "sessions.session", "pk": "lhheuiz5bl7qq4q1bk7nlrcxjuiokl38", "fields": {"session_data": ".eJxVjDsOgzAQBe-yNbKM1_Y6LtPnDMhr1kASgcSnQtw9QaKhfTPzduDUQdzBQnxUgBDxqKBJ29o32yJzM7QQwcBt45Q_Mp6gfaexm1SexnUeWJ2KuuiiXlMr3-fl3g76tPT_mq0l66j1TsgQFiyCiMHUhTQLOxLxta7Do-hCiVkHWzxxxuyM14Hh-AE35DxD:1o7y1p:QuLT5-gBk6mNJZFrStIHUa0064C9NKaJ1AjSSdXtJMM", "expire_date": "2022-07-17T11:44:41.965Z"}}, {"model": "sessions.session", "pk": "q8as9qco9ec85cgikfzrnjguty37z7ul", "fields": {"session_data": ".eJxVjMsOwiAUBf-FtSHQ8uzSvd9ALnArqAFT2kRj_Hdb04Uuz5nJvIiDZU5uaTi5HMlABDn8fh7CFcsG4gXKudJQyzxlTzeF7rTRU414O-7uXyBBS1tWeBFHDEwo4IZpa43umNAyGt9z3Y0a1qV8vzpBKYY8yMCtlqCMlPIbbdharsXh456nJxnY-wNjQz5g:1o9h6L:G2kp7PS76d1-oX-wv7ZJfAJjSmUSIfb9oh5-WYOOfK4", "expire_date": "2022-07-22T06:04:29.584Z"}}, {"model": "sessions.session", "pk": "qqc09mp5kr61cxg4604a291ciem4njyr", "fields": {"session_data": "eyJiYWciOnsiOCI6MX19:1o813s:JKKwYlHE0dUe--8jbt-992j9Agl2vy7ugZ9HzIAFovI", "expire_date": "2022-07-17T14:59:00.084Z"}}, {"model": "sessions.session", "pk": "t1sgzyzr6gjd20vgaisqj5ezoakkj9nz", "fields": {"session_data": "eyJzYXZlX2luZm8iOmZhbHNlLCJiYWciOnsiNCI6MX19:1o8opw:7IsbpSreQCIsPyA5KCpOlKTvSezZoi0YNg91y-79cHo", "expire_date": "2022-07-19T20:07:56.280Z"}}, {"model": "sessions.session", "pk": "u59wtgkufuuedjeze11sdlfkev3ov3i4", "fields": {"session_data": "eyJzYXZlX2luZm8iOmZhbHNlfQ:1o9DO8:uSs8injL0NDdS8iz4TpHKwHVceTkq8IuH-NkI2qO_CQ", "expire_date": "2022-07-20T22:20:52.822Z"}}, {"model": "sites.site", "pk": 1, "fields": {"domain": "checkmategamestore.example.com", "name": "CheckMate GameStore"}}, {"model": "account.emailaddress", "pk": 1, "fields": {"user": 2, "email": "marcellomuylaert@gmail.com", "verified": true, "primary": true}}, {"model": "account.emailaddress", "pk": 2, "fields": {"user": 3, "email": "marcellomuylaert@hotmail.com", "verified": true, "primary": true}}, {"model": "account.emailaddress", "pk": 3, "fields": {"user": 4, "email": "marcellomuylaert@icloud.com", "verified": true, "primary": true}}, {"model": "products.category", "pk": 1, "fields": {"name": "family", "friendly_name": "Family"}}, {"model": "products.category", "pk": 2, "fields": {"name": "strategy", "friendly_name": "Strategy"}}, {"model": "products.category", "pk": 3, "fields": {"name": "party", "friendly_name": "Party"}}, {"model": "products.category", "pk": 4, "fields": {"name": "classic", "friendly_name": "Classic"}}, {"model": "products.category", "pk": 5, "fields": {"name": "d_and_d", "friendly_name": "Dungeons & Dragons"}}, {"model": "products.category", "pk": 6, "fields": {"name": "pathfinder", "friendly_name": "Pathfinder"}}, {"model": "products.product", "pk": 1, "fields": {"category": 5, "sku": "050000", "name": "Dungeons & Dragons Book: Players Handbook", "description": "Player's Handbook\r\nEverything a player needs to create heroic characters for the world’s greatest roleplaying game.\r\nThe Player’s Handbook is the essential reference for every Dungeons & Dragons roleplayer. It contains rules for character creation and advancement, backgrounds and skills, exploration and combat, equipment, spells, and much more. Use this book to create exciting characters from among the most iconic D&D races and classes.\r\n\r\nDungeons & Dragons immerses you in a world of adventure. Explore ancient ruins and deadly dungeons. Battle monsters while searching for legendary treasures. Gain experience and power as you trek across uncharted lands with your companions.\r\n\r\nThe world needs heroes. Will you answer the call?", "price": "39.99", "min_players": null, "max_players": null, "min_age": 12, "avgRating": 0.0, "play_time": null, "image_url": null, "image": "dd-players-hand-book.png", "onSale": true}}, {"model": "products.product", "pk": 2, "fields": {"category": 5, "sku": "050001", "name": "Dungeons & Dragons Book: Dungeon Master's Guide", "description": "Everything a Dungeon Master needs to weave legendary stories for the world’s greatest roleplaying game.\r\nThe Dungeon Master’s Guide provides the inspiration and the guidance you need to spark your imagination and create worlds of adventure for your players to explore and enjoy.\r\n\r\nInside you’ll find world-building tools, tips and tricks for creating memorable dungeons and adventures, optional game rules, hundreds of classic D&D magic items, and much more!", "price": "39.99", "min_players": null, "max_players": null, "min_age": 12, "avgRating": 0.0, "play_time": null, "image_url": null, "image": "dd-dungeon-masters-guide.jpg.png", "onSale": false}}, {"model": "products.product", "pk": 3, "fields": {"category": 5, "sku": "050002", "name": "Dungeons & Dragons Book: Monsters of the Multiverse", "description": "FACE THE DENIZENS OF THE COSMOS\r\nSparkling with the musings of the wizard Mordenkainen, this tome features a host of creatures for use in the Dungeons & Dragons roleplaying game. Hailing from every corner of the multiverse, these creatures represent some of the most benevolent and malevolent forces that D&D heroes might face.\r\n\r\nThe book also gathers together fantastical peoples from many different worlds. Each of these peoples represents a race option when you create your D&D character, expanding on the choices in the Player’s Handbook.\r\n\r\nCompiling and updating monsters that originally appeared in Volo’s Guide to Monsters and Mordenkainen’s Tome of Foes, this book presents friends and foes for any D&D campaign, many of them accompanied by the comments of Mordenkainen. The wizard has faced many of these monsters and peoples on numerous wondrous adventures. Now it’s time for you to venture forth and face these creatures yourself!", "price": "49.99", "min_players": null, "max_players": null, "min_age": 12, "avgRating": 0.0, "play_time": null, "image_url": null, "image": "dd-monsters-of-the-multiverse.jpg.png", "onSale": false}}, {"model": "products.product", "pk": 4, "fields": {"category": 3, "sku": "030000", "name": "Cards Against Humanity 2.0", "description": "Cards Against Humanity 2.0 is a fun, offensive and often hilarious party game that accommodates up to 20 players.\r\n\r\nThe game begins with one player reading out a question or fill-in-the-blanks phrase from a Black Card. Everyone else picks their funniest White Card. It's up to the person who read out the Black Card to pick who they think played the funniest White Card. They then get the Black Card as a point.\r\n\r\nYou repeat this process until one person collects the most Black Cards and wins the game. The rules are very flexible and are often combined with house rules suggested in the rules or made up by other players.", "price": "29.99", "min_players": 4, "max_players": 20, "min_age": 17, "avgRating": 0.0, "play_time": 30, "image_url": null, "image": "party-cards-against-humanity_71PI2Qy.jpg", "onSale": false}}, {"model": "products.product", "pk": 5, "fields": {"category": 1, "sku": "010000", "name": "Cards Against Humanity: Family Edition", "description": "Cards Against Humanity: Family Edition is a new party game that’s just like Cards Against Humanity, except it’s written for kids and adults to play together. Each round, one player asks a question from a black card, and everyone else answers with their funniest white card.\r\n\r\nWe didn’t just take the adult stuff out of the original game: we wrote a whole new game from scratch and tested it with thousands of families. If you like to laugh at stuff like “filling my butt with spaghetti,” this is the game for you. If you don’t, go fill your butt with spaghetti!", "price": "34.99", "min_players": 4, "max_players": 20, "min_age": 8, "avgRating": 0.0, "play_time": 30, "image_url": null, "image": "family-cards-against-humanity_j5w0B4E.jpg", "onSale": false}}, {"model": "products.product", "pk": 6, "fields": {"category": 1, "sku": "010001", "name": "Clue", "description": "Clue is the classic mystery game. Reclusive millionaire Samuel Black’s been murdered in his mansion. Now it’s up to you to crack the case. Question everything to unravel the mystery. Who did it? Where? And with what weapon? Ransack the mansion for clues, ask cunning detective questions and leave no card unturned. Solve the murder first to win. This pack includes new weapons, new rooms, more suspense! The modern setting with new quickplay and power cards increase the tension. Cluedo will keep you in suspense until you solve the most famous crime in history.", "price": "29.99", "min_players": 2, "max_players": 6, "min_age": 8, "avgRating": 0.0, "play_time": 45, "image_url": null, "image": "family-clue.jpg", "onSale": false}}, {"model": "products.product", "pk": 7, "fields": {"category": 1, "sku": "010002", "name": "Pandemic", "description": "In Pandemic, four virulent diseases have broken out simultaneously all over the world and it is up to a team of specialists in various fields to find cures for these diseases before mankind is wiped out.\r\nPlayers must work together, playing to their characters’ strengths and planning their strategy of eradication before the diseases overwhelm the world with ever-increasing outbreaks. But the diseases are outbreaking fast and time is running out: the team must try to stem the tide of infection in diseased areas while also towards cures.\r\n\r\nA truly cooperative game where you all win or you all lose.\r\n\r\nThis new edition has been entirely redesigned and includes two new roles: The Contingency Planner and the Quarantine Specialist.", "price": "29.99", "min_players": 2, "max_players": 4, "min_age": 10, "avgRating": 0.0, "play_time": 60, "image_url": null, "image": "family-pandemic_eJqz23u.jpg", "onSale": true}}, {"model": "products.product", "pk": 8, "fields": {"category": 1, "sku": "010003", "name": "Ticket To Ride Europe", "description": "Ticket to Ride: Europe takes you on a new train adventure across Europe. From Edinburgh to Constantinople and from Lisbon to Moscow, you'll visit great cities of turn-of-the-century Europe. More than just a new map, Ticket to Ride: Europe features brand new gameplay elements including Tunnels, Ferries, and Train Stations. The game also includes larger format cards and Train Station game pieces.\r\n\r\nLike the original Ticket to Ride, the game remains elegantly simple, can be learned in 5 minutes, and appeals to both families and experienced gamers. Ticket to Ride: Europe is a complete, new game and does not require the original version.", "price": "34.99", "min_players": 2, "max_players": 5, "min_age": 8, "avgRating": 0.0, "play_time": 45, "image_url": null, "image": "family-ticket-to-ride_GkWBncM.jpg", "onSale": true}}, {"model": "products.product", "pk": 9, "fields": {"category": 3, "sku": "030001", "name": "Incohearent", "description": "Incohearent is the adult party game by What Do You Meme that will get you talking! Let the laughs begin as you compete to make sense out of gibberish from one of three categories — kinky, party and pop culture.\r\n\r\nEach card has a combination of words on the front that, when recited out loud, sound like the phrase written on the back. For example, try reciting “thirds teeth or stay” out loud. Can you hear the hidden phrase? Listen closely… you’ve been saying “thirsty Thursday.”\r\n\r\nPerfect for parties, game nights, holidays, reunions and more.", "price": "22.99", "min_players": 2, "max_players": 20, "min_age": 17, "avgRating": 0.0, "play_time": 30, "image_url": null, "image": "party-incohearent_7WKo4FW.jpg", "onSale": false}}, {"model": "products.product", "pk": 10, "fields": {"category": 3, "sku": "030002", "name": "Scrawl", "description": "Based on the same principles as the original 17+ edition, this more family friendly version, simply contains a set of more age-appropriate answers, while still retaining all of the fun and silly elements of the original.\r\n\r\nEach player starts with a clipboard, a stack of whiteboard paper and a questionable Scenario Card. Everyone then has to do their best at drawing the scenario on their card before passing it to the player on their left.\r\n\r\nThis player then clips another page over it and attempts to describe the picture underneath. The clipboards are then passed along once more, with the next player making an attempt to draw the new description that is in front of them\r\n\r\nOnce the contents of the clipboards are displayed for all to see, players vote for their favourites.\r\n\r\nThe how to play video below is of the original game, the gameplay is the exact same, just this version is alot more family friendly!", "price": "24.99", "min_players": 4, "max_players": 8, "min_age": 14, "avgRating": 0.0, "play_time": 30, "image_url": null, "image": "party-scrawl.jpg", "onSale": false}}, {"model": "products.product", "pk": 11, "fields": {"category": 3, "sku": "030003", "name": "Top Of The Pops", "description": "This game is full of hits from the 80's, 90's, 00's and beyond. Full of fun and nostalgia. With some Kazoos for players to destroy some of your favourite songs, to a buzzer for players going head to head, this game is guarenteed to be a great laugh this holiday season! \r\n\r\nHow to play: To be the first team to collect at least one Artist Card from all eight music categories.\r\nThe categories are: 1960s, 1970s, 1980s, 1990s, 2000s, Pop Stars of the Future, One Hit Wonders and All-Time Chart Toppers.", "price": "25.99", "min_players": 4, "max_players": 20, "min_age": 14, "avgRating": 0.0, "play_time": 30, "image_url": null, "image": "party-top-of-the-pops.jpg", "onSale": false}}, {"model": "checkout.order", "pk": 1, "fields": {"order_number": "959998EE02EB4924B3BEFE7725CAD01C", "user_profile": null, "full_name": "Marcello Muylaert", "email": "marcellomuylaert@icloud.com", "phone_number": "0834873716", "street_address1": "Apt 53, Norseman Court", "street_address2": null, "town_or_city": "Dublin", "postcode": "D07 CD45", "county": null, "country": "IE", "date": "2022-07-06T20:42:45.307Z", "delivery_cost": "1.50", "order_total": "15.00", "grand_total": "16.50", "original_bag": "{\"6\": 1}", "stripe_pid": "pi_3LIf3DKvAXaZyoq02bqoEksX"}}, {"model": "checkout.order", "pk": 2, "fields": {"order_number": "FBC0D108A4E54E67BB573D0B0FE0AD72", "user_profile": null, "full_name": "Marcello Muylaert", "email": "marcellomuylaert@icloud.com", "phone_number": "0834873716", "street_address1": "Apt 53, Norseman Court", "street_address2": null, "town_or_city": "Dublin", "postcode": "D07 CD45", "county": null, "country": "IE", "date": "2022-07-06T20:44:37.232Z", "delivery_cost": "1.50", "order_total": "15.00", "grand_total": "16.50", "original_bag": "{\"6\": 1}", "stripe_pid": "pi_3LIf54KvAXaZyoq00FLw5OkN"}}, {"model": "checkout.order", "pk": 3, "fields": {"order_number": "E269ACA9842242E0A94975C425638699", "user_profile": null, "full_name": "Marcello Muylaert", "email": "marcellomuylaert@icloud.com", "phone_number": "0834873716", "street_address1": "Apt 53, Norseman Court", "street_address2": null, "town_or_city": "Dublin", "postcode": "D07 CD45", "county": null, "country": "IE", "date": "2022-07-06T20:47:16.874Z", "delivery_cost": "2.60", "order_total": "25.99", "grand_total": "28.59", "original_bag": "{\"11\": 1}", "stripe_pid": "pi_3LIf7YKvAXaZyoq00k0EXSAE"}}, {"model": "checkout.order", "pk": 4, "fields": {"order_number": "4FF9A99857F9427AB008C92AE99E3DE5", "user_profile": null, "full_name": "Marcello Muylaert", "email": "marcellomuylaert@icloud.com", "phone_number": "0834873716", "street_address1": "Apt 53, Norseman Court", "street_address2": null, "town_or_city": "Dublin", "postcode": "D07 CD45", "county": null, "country": "IE", "date": "2022-07-06T20:48:04.623Z", "delivery_cost": "3.00", "order_total": "29.99", "grand_total": "32.99", "original_bag": "{\"7\": 1}", "stripe_pid": "pi_3LIf8QKvAXaZyoq020syTh7I"}}, {"model": "checkout.order", "pk": 5, "fields": {"order_number": "9D89E10FA2E34240A8304DE2D99B7812", "user_profile": null, "full_name": "Marcello Muylaert", "email": "marcellomuylaert@icloud.com", "phone_number": "0834873716", "street_address1": "Apt 53, Norseman Court", "street_address2": null, "town_or_city": "Dublin", "postcode": "D07 CD45", "county": null, "country": "IE", "date": "2022-07-06T20:59:48.113Z", "delivery_cost": "0.00", "order_total": "0.00", "grand_total": "0.00", "original_bag": "{\"2\": 1}", "stripe_pid": "pi_3LIfJnKvAXaZyoq0178VJtJS"}}, {"model": "checkout.order", "pk": 6, "fields": {"order_number": "52D2764745CF496EAE856BEEBF285B9E", "user_profile": null, "full_name": "Marcello Muylaert", "email": "marcellomuylaert@icloud.com", "phone_number": "0834873716", "street_address1": "Apt 53, Norseman Court", "street_address2": null, "town_or_city": "Dublin", "postcode": "D07 CD45", "county": null, "country": "IE", "date": "2022-07-06T21:01:17.514Z", "delivery_cost": "4.00", "order_total": "39.99", "grand_total": "43.99", "original_bag": "{\"2\": 1}", "stripe_pid": "pi_3LIfLEKvAXaZyoq008bQXbCx"}}, {"model": "checkout.order", "pk": 7, "fields": {"order_number": "1260AC8DFEC54C8EB1A98A4F0F05E5DA", "user_profile": null, "full_name": "Marcello Muylaert", "email": "marcellomuylaert@icloud.com", "phone_number": "0834873716", "street_address1": "Apt 53, Norseman Court", "street_address2": null, "town_or_city": "Dublin", "postcode": "D07 CD45", "county": null, "country": "IE", "date": "2022-07-06T21:03:40.071Z", "delivery_cost": "3.00", "order_total": "29.99", "grand_total": "32.99", "original_bag": "{\"6\": 1}", "stripe_pid": "pi_3LIfNVKvAXaZyoq00fbzZHUd"}}, {"model": "checkout.order", "pk": 8, "fields": {"order_number": "19E5EFBEB23742B1AD8164A39194F35D", "user_profile": null, "full_name": "Marcello Muylaert", "email": "marcellomuylaert@icloud.com", "phone_number": "0834873716", "street_address1": "Apt 53, Norseman Court", "street_address2": null, "town_or_city": "Dublin", "postcode": "D07 CD45", "county": null, "country": "IE", "date": "2022-07-06T21:04:18.837Z", "delivery_cost": "3.00", "order_total": "29.99", "grand_total": "32.99", "original_bag": "{\"7\": 1}", "stripe_pid": "pi_3LIfOAKvAXaZyoq011qoOIke"}}, {"model": "checkout.order", "pk": 9, "fields": {"order_number": "1DEECEDD21724136AF28A6A25FDE33D9", "user_profile": null, "full_name": "Marcello Muylaert", "email": "marcellomuylaert@icloud.com", "phone_number": "0834873716", "street_address1": "Apt 53, Norseman Court", "street_address2": null, "town_or_city": "Dublin", "postcode": "D07 CD45", "county": null, "country": "IE", "date": "2022-07-06T21:07:14.644Z", "delivery_cost": "1.50", "order_total": "15.00", "grand_total": "16.50", "original_bag": "{\"6\": 1}", "stripe_pid": "pi_3LIfQzKvAXaZyoq02un1F0eq"}}, {"model": "checkout.order", "pk": 10, "fields": {"order_number": "1148A289DBD14301B6402D9778EC2646", "user_profile": null, "full_name": "Marcello Muylaert", "email": "marcellomuylaert@icloud.com", "phone_number": "0834873716", "street_address1": "Apt 53, Norseman Court", "street_address2": null, "town_or_city": "Dublin", "postcode": "D07 CD45", "county": null, "country": "IE", "date": "2022-07-06T21:16:08.992Z", "delivery_cost": "0.00", "order_total": "0.00", "grand_total": "0.00", "original_bag": "{\"6\": 2}", "stripe_pid": "pi_3LIfZcKvAXaZyoq00JNa2ggq"}}, {"model": "checkout.order", "pk": 11, "fields": {"order_number": "913D823B2F134BD4B87AC389595E81B0", "user_profile": null, "full_name": "Marcello Muylaert", "email": "marcellomuylaert@icloud.com", "phone_number": "0834873716", "street_address1": "Apt 53, Norseman Court", "street_address2": null, "town_or_city": "Dublin", "postcode": "D07 CD45", "county": null, "country": "IE", "date": "2022-07-06T21:17:05.197Z", "delivery_cost": "0.00", "order_total": "59.98", "grand_total": "59.98", "original_bag": "{\"6\": 2}", "stripe_pid": "pi_3LIfZcKvAXaZyoq00JNa2ggq"}}, {"model": "checkout.order", "pk": 12, "fields": {"order_number": "061E8924AF65460480E2D123191B571D", "user_profile": null, "full_name": "Marcello Muylaert", "email": "marcellomuylaert@icloud.com", "phone_number": "0834873716", "street_address1": "Apt 53, Norseman Court", "street_address2": null, "town_or_city": "Dublin", "postcode": "D07 CD45", "county": null, "country": "IE", "date": "2022-07-06T21:18:04.498Z", "delivery_cost": "0.00", "order_total": "174.95", "grand_total": "174.95", "original_bag": "{\"5\": 1, \"4\": 2, \"6\": 1, \"3\": 1}", "stripe_pid": "pi_3LIfbSKvAXaZyoq01TVAAhcx"}}, {"model": "checkout.order", "pk": 13, "fields": {"order_number": "7F4618BE85FE4A67BA55823999E60BA8", "user_profile": null, "full_name": "Marcello Muylaert", "email": "marcellomuylaert@icloud.com", "phone_number": "0834873716", "street_address1": "Apt 53, Norseman Court", "street_address2": null, "town_or_city": "Dublin", "postcode": "D07 CD45", "county": null, "country": "IE", "date": "2022-07-06T21:23:01.322Z", "delivery_cost": "3.00", "order_total": "29.99", "grand_total": "32.99", "original_bag": "{\"6\": 1}", "stripe_pid": "pi_3LIfg9KvAXaZyoq02CqL5j1M"}}, {"model": "checkout.order", "pk": 14, "fields": {"order_number": "59D3722BE6214504B90D620BEBEF64F2", "user_profile": null, "full_name": "Marcello Muylaert", "email": "marcellomuylaert@icloud.com", "phone_number": "0834873716", "street_address1": "Apt 53, Norseman Court", "street_address2": null, "town_or_city": "Dublin", "postcode": "D07 CD45", "county": null, "country": "IE", "date": "2022-07-06T21:28:36.883Z", "delivery_cost": "1.50", "order_total": "15.00", "grand_total": "16.50", "original_bag": "{\"7\": 1}", "stripe_pid": "pi_3LIfleKvAXaZyoq02IBTs6wg"}}, {"model": "checkout.order", "pk": 15, "fields": {"order_number": "92223FA80FC442869C349654EAC614D4", "user_profile": null, "full_name": "Marcello Muylaert", "email": "marcellomuylaert@icloud.com", "phone_number": "0834873716", "street_address1": "Apt 53, Norseman Court", "street_address2": null, "town_or_city": "Dublin", "postcode": "D07 CD45", "county": null, "country": "IE", "date": "2022-07-06T21:29:30.523Z", "delivery_cost": "1.75", "order_total": "17.50", "grand_total": "19.25", "original_bag": "{\"5\": 1}", "stripe_pid": "pi_3LIfmXKvAXaZyoq02xxd2uZ0"}}, {"model": "checkout.order", "pk": 16, "fields": {"order_number": "4061034D9BD04592AD92120844B3BD8A", "user_profile": null, "full_name": "Marcello Muylaert", "email": "marcellomuylaert@icloud.com", "phone_number": "0834873716", "street_address1": "Apt 53, Norseman Court", "street_address2": null, "town_or_city": "Dublin", "postcode": "D07 CD45", "county": null, "country": "IE", "date": "2022-07-06T21:30:29.428Z", "delivery_cost": "1.50", "order_total": "15.00", "grand_total": "16.50", "original_bag": "{\"4\": 1}", "stripe_pid": "pi_3LIfnTKvAXaZyoq00EHog6KE"}}, {"model": "checkout.order", "pk": 17, "fields": {"order_number": "1236DA2A49734700A8EC33D24622319B", "user_profile": null, "full_name": "Marcello Muylaert", "email": "marcellomuylaert@icloud.com", "phone_number": "0834873716", "street_address1": "Apt 53, Norseman Court", "street_address2": null, "town_or_city": "Dublin", "postcode": "D07 CD45", "county": null, "country": "IE", "date": "2022-07-06T21:31:26.487Z", "delivery_cost": "1.50", "order_total": "15.00", "grand_total": "16.50", "original_bag": "{\"4\": 1}", "stripe_pid": "pi_3LIfoPKvAXaZyoq01GkwirVK"}}, {"model": "checkout.order", "pk": 18, "fields": {"order_number": "CA74D0AF92434FFCBAF81ABE12D04ADC", "user_profile": null, "full_name": "Marcello Muylaert", "email": "marcellomuylaert@icloud.com", "phone_number": "0834873716", "street_address1": "Apt 53, Norseman Court", "street_address2": null, "town_or_city": "Dublin", "postcode": "D07 CD45", "county": null, "country": "IE", "date": "2022-07-06T22:19:29.655Z", "delivery_cost": "3.50", "order_total": "34.99", "grand_total": "38.49", "original_bag": "{\"5\": 1}", "stripe_pid": "pi_3LIgYpKvAXaZyoq00BEMsYDr"}}, {"model": "checkout.order", "pk": 19, "fields": {"order_number": "03A26E909CDC4E86A3F9A287183F7630", "user_profile": null, "full_name": "Marcello Muylaert", "email": "marcellomuylaert@icloud.com", "phone_number": "0834873716", "street_address1": "Apt 53, Norseman Court", "street_address2": null, "town_or_city": "Dublin", "postcode": "D07 CD45", "county": null, "country": "IE", "date": "2022-07-06T22:20:02.817Z", "delivery_cost": "1.50", "order_total": "15.00", "grand_total": "16.50", "original_bag": "{\"7\": 1}", "stripe_pid": "pi_3LIgZRKvAXaZyoq02JiOPVJx"}}, {"model": "checkout.order", "pk": 20, "fields": {"order_number": "DD57807656DE49AF9C58A17D458562CC", "user_profile": null, "full_name": "Marcello Muylaert", "email": "marcellomuylaert@icloud.com", "phone_number": "0834873716", "street_address1": "Apt 53, Norseman Court", "street_address2": null, "town_or_city": "Dublin", "postcode": "D07 CD45", "county": null, "country": "IE", "date": "2022-07-06T22:20:52.756Z", "delivery_cost": "0.00", "order_total": "84.99", "grand_total": "84.99", "original_bag": "{\"7\": 1, \"1\": 1, \"3\": 1}", "stripe_pid": "pi_3LIgaHKvAXaZyoq00nvNrXzn"}}, {"model": "checkout.order", "pk": 21, "fields": {"order_number": "547ECB3D5118489DBFC5350B2DEDA149", "user_profile": null, "full_name": "Marcello Muylaert", "email": "marcellomuylaert@icloud.com", "phone_number": "0834873716", "street_address1": "Apt 53, Norseman Court", "street_address2": null, "town_or_city": "Dublin", "postcode": "D07 CD45", "county": null, "country": "IE", "date": "2022-07-07T18:41:59.604Z", "delivery_cost": "0.00", "order_total": "0.00", "grand_total": "0.00", "original_bag": "{\"4\": 1}", "stripe_pid": "pi_3LIzdfKvAXaZyoq007wpOJo8"}}, {"model": "checkout.order", "pk": 22, "fields": {"order_number": "31A8A4FA43B949FB997A1E9CEFCB3251", "user_profile": null, "full_name": "Marcello Muylaert", "email": "marcellomuylaert@icloud.com", "phone_number": "0834873716", "street_address1": "Apt 53, Norseman Court", "street_address2": null, "town_or_city": "Dublin", "postcode": "D07 CD45", "county": null, "country": "IE", "date": "2022-07-07T18:43:41.270Z", "delivery_cost": "0.00", "order_total": "0.00", "grand_total": "0.00", "original_bag": "{\"4\": 1}", "stripe_pid": "pi_3LIzdfKvAXaZyoq007wpOJo8"}}, {"model": "checkout.order", "pk": 23, "fields": {"order_number": "80C0710FB0E94DED9DC761278113E0CB", "user_profile": null, "full_name": "Marcello Muylaert", "email": "marcellomuylaert@icloud.com", "phone_number": "0834873716", "street_address1": "Apt 53, Norseman Court", "street_address2": null, "town_or_city": "Dublin", "postcode": "D07 CD45", "county": null, "country": "IE", "date": "2022-07-07T18:44:16.822Z", "delivery_cost": "0.00", "order_total": "0.00", "grand_total": "0.00", "original_bag": "{\"4\": 1}", "stripe_pid": "pi_3LIzgAKvAXaZyoq00VD1vLTQ"}}, {"model": "checkout.order", "pk": 24, "fields": {"order_number": "5BCD293B55C84040BDDF65ED91D916FB", "user_profile": null, "full_name": "Marcello Muylaert", "email": "marcellomuylaert@icloud.com", "phone_number": "0834873716", "street_address1": "Apt 53, Norseman Court", "street_address2": null, "town_or_city": "Dublin", "postcode": "D07 CD45", "county": null, "country": "IE", "date": "2022-07-07T18:45:29.360Z", "delivery_cost": "0.00", "order_total": "0.00", "grand_total": "0.00", "original_bag": "{\"4\": 1}", "stripe_pid": "pi_3LIzhMKvAXaZyoq00pQirmpu"}}, {"model": "checkout.order", "pk": 25, "fields": {"order_number": "4838EA94133C4BD48377691969C4F60E", "user_profile": null, "full_name": "Marcello Muylaert", "email": "marcellomuylaert@icloud.com", "phone_number": "0834873716", "street_address1": "Apt 53, Norseman Court", "street_address2": null, "town_or_city": "Dublin", "postcode": "D07 CD45", "county": null, "country": "IE", "date": "2022-07-07T18:55:06.910Z", "delivery_cost": "5.00", "order_total": "49.99", "grand_total": "54.99", "original_bag": "{\"1\": 1, \"4\": 1}", "stripe_pid": "pi_3LIzqgKvAXaZyoq002lsTXP5"}}, {"model": "checkout.order", "pk": 26, "fields": {"order_number": "F5FD4780E9D74D53A1D2887614013891", "user_profile": null, "full_name": "Marcello Muylaert", "email": "marcellomuylaert@icloud.com", "phone_number": "0834873716", "street_address1": "Apt 53, Norseman Court", "street_address2": null, "town_or_city": "Dublin", "postcode": "D07 CD45", "county": null, "country": "IE", "date": "2022-07-07T18:58:54.538Z", "delivery_cost": "2.00", "order_total": "20.00", "grand_total": "22.00", "original_bag": "{\"1\": 1}", "stripe_pid": "pi_3LIzuMKvAXaZyoq00S4p9et8"}}, {"model": "checkout.order", "pk": 27, "fields": {"order_number": "160A1165E155485F80B1C34B71CBE8AC", "user_profile": null, "full_name": "Marcello Muylaert", "email": "marcellomuylaert@icloud.com", "phone_number": "0834873716", "street_address1": "Apt 53, Norseman Court", "street_address2": null, "town_or_city": "Dublin", "postcode": "D07 CD45", "county": null, "country": "IE", "date": "2022-07-07T19:03:56.151Z", "delivery_cost": "4.50", "order_total": "44.99", "grand_total": "49.49", "original_bag": "{\"4\": 1, \"7\": 1}", "stripe_pid": "pi_3LIzzEKvAXaZyoq02TXNEEKU"}}, {"model": "checkout.order", "pk": 28, "fields": {"order_number": "688BB579CB574A7B9158F281E2A1F908", "user_profile": null, "full_name": "Marcello Muylaert", "email": "marcellomuylaert@icloud.com", "phone_number": "0834873716", "street_address1": "Apt 53, Norseman Court", "street_address2": null, "town_or_city": "Dublin", "postcode": "D07 CD45", "county": null, "country": "IE", "date": "2022-07-07T19:09:25.688Z", "delivery_cost": "0.00", "order_total": "244.94", "grand_total": "244.94", "original_bag": "{\"1\": 10, \"4\": 1, \"7\": 1}", "stripe_pid": "pi_3LJ04YKvAXaZyoq02uzFum9e"}}, {"model": "checkout.order", "pk": 29, "fields": {"order_number": "2D852FA204D04934A150AB9C5C19691C", "user_profile": null, "full_name": "Marcello Muylaert", "email": "marcellomuylaert@icloud.com", "phone_number": "0834873716", "street_address1": "Apt 53, Norseman Court", "street_address2": null, "town_or_city": "Dublin", "postcode": "D07 CD45", "county": null, "country": "IE", "date": "2022-07-07T19:20:38.888Z", "delivery_cost": "1.50", "order_total": "15.00", "grand_total": "16.50", "original_bag": "{\"7\": 1}", "stripe_pid": "pi_3LJ0FPKvAXaZyoq00eVcJZca"}}, {"model": "checkout.order", "pk": 30, "fields": {"order_number": "1396818D3D754BD88FA865578EA11DA3", "user_profile": null, "full_name": "Marcello Muylaert", "email": "marcellomuylaert@icloud.com", "phone_number": "0834873716", "street_address1": "Apt 53, Norseman Court", "street_address2": null, "town_or_city": "Dublin", "postcode": "D07 CD45", "county": null, "country": "IE", "date": "2022-07-07T19:27:56.166Z", "delivery_cost": "1.75", "order_total": "17.50", "grand_total": "19.25", "original_bag": "{\"8\": 1}", "stripe_pid": "pi_3LJ0MSKvAXaZyoq00f61toLD"}}, {"model": "checkout.order", "pk": 31, "fields": {"order_number": "2E6969C057714C05BE58C2F4A51D571F", "user_profile": null, "full_name": "Marcello Muylaert", "email": "marcellomuylaert@icloud.com", "phone_number": "0834873716", "street_address1": "Apt 53, Norseman Court", "street_address2": null, "town_or_city": "Dublin", "postcode": "D07 CD45", "county": null, "country": "IE", "date": "2022-07-07T19:40:57.149Z", "delivery_cost": "3.00", "order_total": "29.99", "grand_total": "32.99", "original_bag": "{\"4\": 1}", "stripe_pid": "pi_3LIzdfKvAXaZyoq007wpOJo8"}}, {"model": "checkout.order", "pk": 32, "fields": {"order_number": "E489C0371CDE461C9190644EE1775AFF", "user_profile": null, "full_name": "Marcello Muylaert", "email": "marcellomuylaert@icloud.com", "phone_number": "0834873716", "street_address1": "Apt 53, Norseman Court", "street_address2": null, "town_or_city": "Dublin", "postcode": "D07 CD45", "county": null, "country": "IE", "date": "2022-07-07T19:43:13.282Z", "delivery_cost": "3.00", "order_total": "29.99", "grand_total": "32.99", "original_bag": "{\"4\": 1}", "stripe_pid": "pi_3LIzgAKvAXaZyoq00VD1vLTQ"}}, {"model": "checkout.order", "pk": 33, "fields": {"order_number": "E14867ABCACB40899777C7A90E60F7E3", "user_profile": null, "full_name": "Marcello Muylaert", "email": "marcellomuylaert@icloud.com", "phone_number": "0834873716", "street_address1": "Apt 53, Norseman Court", "street_address2": null, "town_or_city": "Dublin", "postcode": "D07 CD45", "county": null, "country": "IE", "date": "2022-07-07T19:46:08.881Z", "delivery_cost": "3.00", "order_total": "29.99", "grand_total": "32.99", "original_bag": "{\"4\": 1}", "stripe_pid": "pi_3LIzhMKvAXaZyoq00pQirmpu"}}, {"model": "checkout.order", "pk": 34, "fields": {"order_number": "AA74273F6B6C453DABCF6311524BC9C6", "user_profile": null, "full_name": "Marcello Muylaert", "email": "marcellomuylaert@icloud.com", "phone_number": "0834873716", "street_address1": "Apt 53, Norseman Court", "street_address2": null, "town_or_city": "Dublin", "postcode": "D07 CD45", "county": null, "country": "IE", "date": "2022-07-07T20:10:29.161Z", "delivery_cost": "0.00", "order_total": "459.88", "grand_total": "459.88", "original_bag": "{\"1\": 10, \"4\": 1, \"7\": 1}", "stripe_pid": "pi_3LJ04YKvAXaZyoq02uzFum9e"}}, {"model": "checkout.order", "pk": 35, "fields": {"order_number": "13206705748D467CBDF4CF50C74D51B7", "user_profile": null, "full_name": "Marcello Muylaert", "email": "marcellomuylaert@icloud.com", "phone_number": "0834873716", "street_address1": "Apt 53, Norseman Court", "street_address2": null, "town_or_city": "Dublin", "postcode": "D07 CD45", "county": null, "country": "IE", "date": "2022-07-08T20:49:09.865Z", "delivery_cost": "1.50", "order_total": "15.00", "grand_total": "16.50", "original_bag": "{\"7\": 1}", "stripe_pid": "pi_3LJO6bKvAXaZyoq02ZfA6Uea"}}, {"model": "checkout.order", "pk": 36, "fields": {"order_number": "82FB099DD9A0440CB5F3F743B2310F2F", "user_profile": null, "full_name": "Marcello Muylaert", "email": "marcellomuylaert@icloud.com", "phone_number": "0834873716", "street_address1": "Apt 53, Norseman Court", "street_address2": null, "town_or_city": "Dublin", "postcode": "D07 CD45", "county": null, "country": "IE", "date": "2022-07-08T21:00:19.059Z", "delivery_cost": "2.00", "order_total": "20.00", "grand_total": "22.00", "original_bag": "{\"1\": 1}", "stripe_pid": "pi_3LJOHPKvAXaZyoq02Cfx77Z9"}}, {"model": "checkout.order", "pk": 37, "fields": {"order_number": "7E14C2537994462380774230A657EE23", "user_profile": null, "full_name": "Marcello Muylaert", "email": "marcellomuylaert@icloud.com", "phone_number": "0834873716", "street_address1": "Apt 53, Norseman Court", "street_address2": null, "town_or_city": "Dublin", "postcode": "D07 CD45", "county": null, "country": "IE", "date": "2022-07-08T21:06:12.340Z", "delivery_cost": "0.00", "order_total": "64.98", "grand_total": "64.98", "original_bag": "{\"5\": 1, \"6\": 1}", "stripe_pid": "pi_3LJON5KvAXaZyoq02okL93Y5"}}, {"model": "checkout.order", "pk": 38, "fields": {"order_number": "22E24B6B1FC54B118E8CD23C669E1563", "user_profile": 2, "full_name": "Marcello Muylaert", "email": "marcellomuylaert@icloud.com", "phone_number": "0834873716", "street_address1": "Apt 53, Norseman Court", "street_address2": null, "town_or_city": "Dublin", "postcode": "D07 CD45", "county": null, "country": "IE", "date": "2022-07-08T21:18:09.653Z", "delivery_cost": "2.00", "order_total": "20.00", "grand_total": "22.00", "original_bag": "{\"1\": 1}", "stripe_pid": "pi_3LJOYkKvAXaZyoq02of5eHYp"}}, {"model": "checkout.order", "pk": 39, "fields": {"order_number": "8C4BF430167446168D0F1656194C1EF0", "user_profile": 3, "full_name": "Rosemary Haughey", "email": "marcellomuylaert@icloud.com", "phone_number": "0834873716", "street_address1": "Apt 53, Norseman Court,", "street_address2": "Manor Street", "town_or_city": "Stoneybatter", "postcode": "D07CD45", "county": "Dublin", "country": "BH", "date": "2022-07-08T21:22:48.217Z", "delivery_cost": "0.00", "order_total": "319.90", "grand_total": "319.90", "original_bag": "{\"1\": 4, \"7\": 6, \"4\": 5}", "stripe_pid": "pi_3LJOcyKvAXaZyoq013YX4BQU"}}, {"model": "checkout.order", "pk": 40, "fields": {"order_number": "3916B41B8ABD4D638A3E141CFB961811", "user_profile": 2, "full_name": "eu", "email": "marcellomuylaert@gmail.com", "phone_number": "0834873716", "street_address1": "Apt 53, Norseman Court", "street_address2": null, "town_or_city": "Dublin", "postcode": "D07 CD45", "county": null, "country": "IE", "date": "2022-07-08T21:51:39.713Z", "delivery_cost": "2.50", "order_total": "24.99", "grand_total": "27.49", "original_bag": "{\"10\": 1}", "stripe_pid": "pi_3LJP53KvAXaZyoq02uCvyhlX"}}, {"model": "checkout.order", "pk": 41, "fields": {"order_number": "19B2869B943B41F99D9AE3CFB5D9E022", "user_profile": 2, "full_name": "Marcello Muylaert", "email": "marcellomuylaert@gmail.com", "phone_number": "0834873716", "street_address1": "Apt 53, Norseman Court", "street_address2": null, "town_or_city": "Dublin", "postcode": "D07 CD45", "county": null, "country": "IE", "date": "2022-07-09T13:09:38.326Z", "delivery_cost": "0.00", "order_total": "59.99", "grand_total": "59.99", "original_bag": "{\"2\": 1, \"1\": 1}", "stripe_pid": "pi_3LJdPHKvAXaZyoq00OjpMeHJ"}}, {"model": "checkout.order", "pk": 42, "fields": {"order_number": "B0DF0B9F7A9944689FA440DF99CFFCD7", "user_profile": 3, "full_name": "Marcello Muylaert", "email": "marcellomuylaert@icloud.com", "phone_number": "0834873716", "street_address1": "Apt 53, Norseman Court,", "street_address2": "Manor Street", "town_or_city": "Stoneybatter", "postcode": "D07CD45", "county": "Dublin", "country": "IE", "date": "2022-07-09T13:14:18.831Z", "delivery_cost": "3.75", "order_total": "37.50", "grand_total": "41.25", "original_bag": "{\"8\": 1, \"1\": 1}", "stripe_pid": "pi_3LJdU0KvAXaZyoq00ojJS9DT"}}, {"model": "checkout.order", "pk": 43, "fields": {"order_number": "047382DB30D84678BBCC47A0519C89A4", "user_profile": 3, "full_name": "Marcello Muylaert", "email": "marcellomuylaert@icloud.com", "phone_number": "0834873716", "street_address1": "Apt 53, Norseman Court,", "street_address2": "Manor Street", "town_or_city": "Stoneybatter", "postcode": "D07CD45", "county": "Dublin", "country": "IE", "date": "2022-07-09T13:15:29.745Z", "delivery_cost": "1.50", "order_total": "15.00", "grand_total": "16.50", "original_bag": "{\"7\": 1}", "stripe_pid": "pi_3LJdVDKvAXaZyoq01xEKTmRL"}}, {"model": "checkout.order", "pk": 44, "fields": {"order_number": "9992A99DC1624DC5AE033D8EC1809270", "user_profile": 3, "full_name": "Marcello Muylaert", "email": "marcellomuylaert@icloud.com", "phone_number": "0834873716", "street_address1": "Apt 53, Norseman Court,", "street_address2": "Manor Street", "town_or_city": "Stoneybatter", "postcode": "D07CD45", "county": "Dublin", "country": "IE", "date": "2022-07-09T13:24:28.814Z", "delivery_cost": "1.50", "order_total": "15.00", "grand_total": "16.50", "original_bag": "{\"7\": 1}", "stripe_pid": "pi_3LJddsKvAXaZyoq00FE16kjn"}}, {"model": "checkout.order", "pk": 45, "fields": {"order_number": "5A686F9E3F8B432D87364DA0272748A4", "user_profile": 3, "full_name": "Marcello Muylaert", "email": "marcellomuylaert@icloud.com", "phone_number": "0834873716", "street_address1": "Apt 53, Norseman Court,", "street_address2": "Manor Street", "town_or_city": "Stoneybatter", "postcode": "D07CD45", "county": "Dublin", "country": "IE", "date": "2022-07-09T13:26:45.812Z", "delivery_cost": "1.50", "order_total": "15.00", "grand_total": "16.50", "original_bag": "{\"7\": 1}", "stripe_pid": "pi_3LJdg5KvAXaZyoq00k7c8xrA"}}, {"model": "checkout.order", "pk": 46, "fields": {"order_number": "D93BB5E3423A49F8B640684B33233DFD", "user_profile": 2, "full_name": "Fred Hill", "email": "marcellomuylaert@gmail.com", "phone_number": "0834873716", "street_address1": "Apt 53, Norseman Court", "street_address2": null, "town_or_city": "Dublin", "postcode": "D07 CD45", "county": null, "country": "IE", "date": "2022-07-09T13:41:39.956Z", "delivery_cost": "2.30", "order_total": "22.99", "grand_total": "25.29", "original_bag": "{\"9\": 1}", "stripe_pid": "pi_3LJduLKvAXaZyoq02ivaoDYR"}}, {"model": "checkout.order", "pk": 47, "fields": {"order_number": "6314F92DB7474A3698CDE03F1EC4C09A", "user_profile": 2, "full_name": "Fred", "email": "marcellomuylaert@gmail.com", "phone_number": "0834873716", "street_address1": "Apt 53, Norseman Court", "street_address2": null, "town_or_city": "Dublin", "postcode": "D07 CD45", "county": null, "country": "IE", "date": "2022-07-09T13:42:56.596Z", "delivery_cost": "3.00", "order_total": "29.99", "grand_total": "32.99", "original_bag": "{\"4\": 1}", "stripe_pid": "pi_3LJdviKvAXaZyoq02NAhNVsD"}}, {"model": "checkout.order", "pk": 48, "fields": {"order_number": "9640C638B28D4FE7B9255196022B4537", "user_profile": 2, "full_name": "fred", "email": "marcellomuylaert@gmail.com", "phone_number": "0834873716", "street_address1": "Apt 53, Norseman Court", "street_address2": null, "town_or_city": "Dublin", "postcode": "D07 CD45", "county": null, "country": "IE", "date": "2022-07-09T13:47:27.142Z", "delivery_cost": "5.00", "order_total": "49.99", "grand_total": "54.99", "original_bag": "{\"3\": 1}", "stripe_pid": "pi_3LJe02KvAXaZyoq01IeRAwgq"}}, {"model": "checkout.orderlineitem", "pk": 35, "fields": {"order": 1, "product": 6, "quantity": 1, "onSale": false, "lineitem_total": "15.00"}}, {"model": "checkout.orderlineitem", "pk": 36, "fields": {"order": 2, "product": 6, "quantity": 1, "onSale": false, "lineitem_total": "15.00"}}, {"model": "checkout.orderlineitem", "pk": 37, "fields": {"order": 3, "product": 11, "quantity": 1, "onSale": false, "lineitem_total": "25.99"}}, {"model": "checkout.orderlineitem", "pk": 38, "fields": {"order": 4, "product": 7, "quantity": 1, "onSale": false, "lineitem_total": "29.99"}}, {"model": "checkout.orderlineitem", "pk": 39, "fields": {"order": 6, "product": 2, "quantity": 1, "onSale": false, "lineitem_total": "39.99"}}, {"model": "checkout.orderlineitem", "pk": 40, "fields": {"order": 7, "product": 6, "quantity": 1, "onSale": false, "lineitem_total": "29.99"}}, {"model": "checkout.orderlineitem", "pk": 41, "fields": {"order": 8, "product": 7, "quantity": 1, "onSale": false, "lineitem_total": "29.99"}}, {"model": "checkout.orderlineitem", "pk": 42, "fields": {"order": 9, "product": 6, "quantity": 1, "onSale": false, "lineitem_total": "15.00"}}, {"model": "checkout.orderlineitem", "pk": 43, "fields": {"order": 11, "product": 6, "quantity": 2, "onSale": false, "lineitem_total": "59.98"}}, {"model": "checkout.orderlineitem", "pk": 44, "fields": {"order": 12, "product": 5, "quantity": 1, "onSale": false, "lineitem_total": "34.99"}}, {"model": "checkout.orderlineitem", "pk": 45, "fields": {"order": 12, "product": 4, "quantity": 2, "onSale": false, "lineitem_total": "59.98"}}, {"model": "checkout.orderlineitem", "pk": 46, "fields": {"order": 12, "product": 6, "quantity": 1, "onSale": false, "lineitem_total": "29.99"}}, {"model": "checkout.orderlineitem", "pk": 47, "fields": {"order": 12, "product": 3, "quantity": 1, "onSale": false, "lineitem_total": "49.99"}}, {"model": "checkout.orderlineitem", "pk": 48, "fields": {"order": 13, "product": 6, "quantity": 1, "onSale": false, "lineitem_total": "29.99"}}, {"model": "checkout.orderlineitem", "pk": 49, "fields": {"order": 14, "product": 7, "quantity": 1, "onSale": false, "lineitem_total": "15.00"}}, {"model": "checkout.orderlineitem", "pk": 50, "fields": {"order": 15, "product": 5, "quantity": 1, "onSale": false, "lineitem_total": "17.50"}}, {"model": "checkout.orderlineitem", "pk": 51, "fields": {"order": 16, "product": 4, "quantity": 1, "onSale": false, "lineitem_total": "15.00"}}, {"model": "checkout.orderlineitem", "pk": 52, "fields": {"order": 17, "product": 4, "quantity": 1, "onSale": false, "lineitem_total": "15.00"}}, {"model": "checkout.orderlineitem", "pk": 53, "fields": {"order": 18, "product": 5, "quantity": 1, "onSale": false, "lineitem_total": "34.99"}}, {"model": "checkout.orderlineitem", "pk": 54, "fields": {"order": 19, "product": 7, "quantity": 1, "onSale": true, "lineitem_total": "15.00"}}, {"model": "checkout.orderlineitem", "pk": 55, "fields": {"order": 20, "product": 7, "quantity": 1, "onSale": true, "lineitem_total": "15.00"}}, {"model": "checkout.orderlineitem", "pk": 56, "fields": {"order": 20, "product": 1, "quantity": 1, "onSale": true, "lineitem_total": "20.00"}}, {"model": "checkout.orderlineitem", "pk": 57, "fields": {"order": 20, "product": 3, "quantity": 1, "onSale": false, "lineitem_total": "49.99"}}, {"model": "checkout.orderlineitem", "pk": 58, "fields": {"order": 25, "product": 1, "quantity": 1, "onSale": true, "lineitem_total": "20.00"}}, {"model": "checkout.orderlineitem", "pk": 59, "fields": {"order": 25, "product": 4, "quantity": 1, "onSale": false, "lineitem_total": "29.99"}}, {"model": "checkout.orderlineitem", "pk": 60, "fields": {"order": 26, "product": 1, "quantity": 1, "onSale": true, "lineitem_total": "20.00"}}, {"model": "checkout.orderlineitem", "pk": 61, "fields": {"order": 27, "product": 4, "quantity": 1, "onSale": false, "lineitem_total": "29.99"}}, {"model": "checkout.orderlineitem", "pk": 62, "fields": {"order": 27, "product": 7, "quantity": 1, "onSale": true, "lineitem_total": "15.00"}}, {"model": "checkout.orderlineitem", "pk": 63, "fields": {"order": 28, "product": 1, "quantity": 10, "onSale": true, "lineitem_total": "199.95"}}, {"model": "checkout.orderlineitem", "pk": 64, "fields": {"order": 28, "product": 4, "quantity": 1, "onSale": false, "lineitem_total": "29.99"}}, {"model": "checkout.orderlineitem", "pk": 65, "fields": {"order": 28, "product": 7, "quantity": 1, "onSale": true, "lineitem_total": "15.00"}}, {"model": "checkout.orderlineitem", "pk": 66, "fields": {"order": 29, "product": 7, "quantity": 1, "onSale": true, "lineitem_total": "15.00"}}, {"model": "checkout.orderlineitem", "pk": 67, "fields": {"order": 30, "product": 8, "quantity": 1, "onSale": true, "lineitem_total": "17.50"}}, {"model": "checkout.orderlineitem", "pk": 68, "fields": {"order": 31, "product": 4, "quantity": 1, "onSale": false, "lineitem_total": "29.99"}}, {"model": "checkout.orderlineitem", "pk": 69, "fields": {"order": 32, "product": 4, "quantity": 1, "onSale": false, "lineitem_total": "29.99"}}, {"model": "checkout.orderlineitem", "pk": 70, "fields": {"order": 33, "product": 4, "quantity": 1, "onSale": false, "lineitem_total": "29.99"}}, {"model": "checkout.orderlineitem", "pk": 71, "fields": {"order": 34, "product": 1, "quantity": 10, "onSale": false, "lineitem_total": "399.90"}}, {"model": "checkout.orderlineitem", "pk": 72, "fields": {"order": 34, "product": 4, "quantity": 1, "onSale": false, "lineitem_total": "29.99"}}, {"model": "checkout.orderlineitem", "pk": 73, "fields": {"order": 34, "product": 7, "quantity": 1, "onSale": false, "lineitem_total": "29.99"}}, {"model": "checkout.orderlineitem", "pk": 74, "fields": {"order": 35, "product": 7, "quantity": 1, "onSale": true, "lineitem_total": "15.00"}}, {"model": "checkout.orderlineitem", "pk": 75, "fields": {"order": 36, "product": 1, "quantity": 1, "onSale": true, "lineitem_total": "20.00"}}, {"model": "checkout.orderlineitem", "pk": 76, "fields": {"order": 37, "product": 5, "quantity": 1, "onSale": false, "lineitem_total": "34.99"}}, {"model": "checkout.orderlineitem", "pk": 77, "fields": {"order": 37, "product": 6, "quantity": 1, "onSale": false, "lineitem_total": "29.99"}}, {"model": "checkout.orderlineitem", "pk": 78, "fields": {"order": 38, "product": 1, "quantity": 1, "onSale": true, "lineitem_total": "20.00"}}, {"model": "checkout.orderlineitem", "pk": 79, "fields": {"order": 39, "product": 1, "quantity": 4, "onSale": true, "lineitem_total": "79.98"}}, {"model": "checkout.orderlineitem", "pk": 80, "fields": {"order": 39, "product": 7, "quantity": 6, "onSale": true, "lineitem_total": "89.97"}}, {"model": "checkout.orderlineitem", "pk": 81, "fields": {"order": 39, "product": 4, "quantity": 5, "onSale": false, "lineitem_total": "149.95"}}, {"model": "checkout.orderlineitem", "pk": 82, "fields": {"order": 40, "product": 10, "quantity": 1, "onSale": false, "lineitem_total": "24.99"}}, {"model": "checkout.orderlineitem", "pk": 83, "fields": {"order": 41, "product": 2, "quantity": 1, "onSale": false, "lineitem_total": "39.99"}}, {"model": "checkout.orderlineitem", "pk": 84, "fields": {"order": 41, "product": 1, "quantity": 1, "onSale": true, "lineitem_total": "20.00"}}, {"model": "checkout.orderlineitem", "pk": 85, "fields": {"order": 42, "product": 8, "quantity": 1, "onSale": true, "lineitem_total": "17.50"}}, {"model": "checkout.orderlineitem", "pk": 86, "fields": {"order": 42, "product": 1, "quantity": 1, "onSale": true, "lineitem_total": "20.00"}}, {"model": "checkout.orderlineitem", "pk": 87, "fields": {"order": 43, "product": 7, "quantity": 1, "onSale": true, "lineitem_total": "15.00"}}, {"model": "checkout.orderlineitem", "pk": 88, "fields": {"order": 44, "product": 7, "quantity": 1, "onSale": true, "lineitem_total": "15.00"}}, {"model": "checkout.orderlineitem", "pk": 89, "fields": {"order": 45, "product": 7, "quantity": 1, "onSale": true, "lineitem_total": "15.00"}}, {"model": "checkout.orderlineitem", "pk": 90, "fields": {"order": 46, "product": 9, "quantity": 1, "onSale": false, "lineitem_total": "22.99"}}, {"model": "checkout.orderlineitem", "pk": 91, "fields": {"order": 47, "product": 4, "quantity": 1, "onSale": false, "lineitem_total": "29.99"}}, {"model": "checkout.orderlineitem", "pk": 92, "fields": {"order": 48, "product": 3, "quantity": 1, "onSale": false, "lineitem_total": "49.99"}}, {"model": "profiles.userprofile", "pk": 1, "fields": {"user": 3, "default_phone_number": null, "default_street_address1": null, "default_street_address2": null, "default_town_or_city": null, "default_postcode": null, "default_county": null, "default_country": null}}, {"model": "profiles.userprofile", "pk": 2, "fields": {"user": 2, "default_phone_number": "0834873716", "default_street_address1": "Apt 53, Norseman Court", "default_street_address2": null, "default_town_or_city": "Dublin", "default_postcode": "D07 CD45", "default_county": null, "default_country": "IE"}}, {"model": "profiles.userprofile", "pk": 3, "fields": {"user": 4, "default_phone_number": "0834873716", "default_street_address1": "Apt 53, Norseman Court,", "default_street_address2": "Manor Street", "default_town_or_city": "Stoneybatter", "default_postcode": "D07CD45", "default_county": "Dublin", "default_country": "IE"}}, {"model": "reviews.review", "pk": 15, "fields": {"product": 7, "user": 2, "comment": "One of the best co-op board games ever designed. The theme is great and high intensity. Everyone can get behind stopping a disease from destroying the world. There is great variety in the different character roles and lots of neat actions to take. You should certainly try it.", "rating": 4.0, "created_at": "2022-07-10T14:55:06.253Z"}}, {"model": "reviews.review", "pk": 16, "fields": {"product": 7, "user": 3, "comment": "You really do feel like it's a manageable chaos, as opposed to other games where all you can do is react and take another hit to the face. The uneven rhythm of chaos and the breathing room to be proactive in your preparations elevates Pandemic over all other co-ops.", "rating": 5.0, "created_at": "2022-07-10T14:56:33.433Z"}}, {"model": "reviews.review", "pk": 17, "fields": {"product": 7, "user": 4, "comment": "One of our favorite cooperative games. The look and feel helps create the sense of urgency. Prone to \"quarterbacking\".", "rating": 3.5, "created_at": "2022-07-10T14:57:15.068Z"}}, {"model": "reviews.review", "pk": 18, "fields": {"product": 4, "user": 2, "comment": "aaaaaaa", "rating": 0.5, "created_at": "2022-07-10T15:38:45.888Z"}}, {"model": "newsletter.subscriber", "pk": 7, "fields": {"email": "rhaughey@hotmail.com", "date_added": "2022-07-10T19:19:01.404Z"}}, {"model": "newsletter.subscriber", "pk": 8, "fields": {"email": "marcellomuylaert@hotmail.com", "date_added": "2022-07-10T19:20:32.370Z"}}]